<?xml version="1.0" encoding="UTF-8"?>
<project-private xmlns="http://www.netbeans.org/ns/project-private/1">
    <editor-bookmarks xmlns="http://www.netbeans.org/ns/editor-bookmarks/2" lastBookmarkId="0"/>
    <open-files xmlns="http://www.netbeans.org/ns/projectui-open-files/2">
        <group>
            <file>file:/C:/Users/01957/OneDrive/Documents/NetBeansProjects/player_bidding/src/Home_folder/Coach_Registration_HOME.java</file>
            <file>file:/C:/Users/01957/OneDrive/Documents/NetBeansProjects/player_bidding/src/TeamOwner_folder/TeamOwner_Registration.java</file>
            <file>file:/C:/Users/01957/OneDrive/Documents/NetBeansProjects/player_bidding/src/player_bidding/registration/Player_Registration1.java</file>
            <file>file:/C:/Users/01957/OneDrive/Documents/NetBeansProjects/player_bidding/src/coach_folder/Coach_Registration.java</file>
            <file>file:/C:/Users/01957/OneDrive/Documents/NetBeansProjects/player_bidding/src/player_bidding/registration/PLAYER.java</file>
            <file>file:/C:/Users/01957/OneDrive/Documents/NetBeansProjects/player_bidding/src/player_bidding/registration/User.java</file>
            <file>file:/C:/Users/01957/OneDrive/Documents/NetBeansProjects/player_bidding/src/player_bidding/registration/validationchek.java</file>
            <file>file:/C:/Users/01957/OneDrive/Documents/NetBeansProjects/player_bidding/src/TeamOwner_folder/ALL_PLAYER_UNSOLDED_SELECTOR.java</file>
            <file>file:/C:/Users/01957/OneDrive/Documents/NetBeansProjects/player_bidding/src/player_bidding/registration/ALL_PLAYER.java</file>
            <file>file:/C:/Users/01957/OneDrive/Documents/NetBeansProjects/player_bidding/src/player_bidding/registration/ALL_PLAYER_UNSOLDED_PLAYER.java</file>
            <file>file:/C:/Users/01957/OneDrive/Documents/NetBeansProjects/player_bidding/src/Home_folder/Home_form.java</file>
            <file>file:/C:/Users/01957/OneDrive/Documents/NetBeansProjects/player_bidding/src/Home_folder/PLAYER_UNSODED.java</file>
            <file>file:/C:/Users/01957/OneDrive/Documents/NetBeansProjects/player_bidding/src/Home_folder/ALL_PLAYER_UNSOLDED_HOME.java</file>
            <file>file:/C:/Users/01957/OneDrive/Documents/NetBeansProjects/player_bidding/src/Home_folder/All_Team_Home.java</file>
            <file>file:/C:/Users/01957/OneDrive/Documents/NetBeansProjects/player_bidding/src/player_bidding/registration/IMAGES.java</file>
            <file>file:/C:/Users/01957/OneDrive/Documents/NetBeansProjects/player_bidding/src/Bidding_folder/Rules_For_Bidding.java</file>
            <file>file:/C:/Users/01957/OneDrive/Documents/NetBeansProjects/player_bidding/src/player_bidding/registration/CoachForm.java</file>
            <file>file:/C:/Users/01957/OneDrive/Documents/NetBeansProjects/player_bidding/src/player_bidding/registration/Image_show.java</file>
            <file>file:/C:/Users/01957/OneDrive/Documents/NetBeansProjects/player_bidding/src/player_bidding/registration/IMAGES1.java</file>
            <file>file:/C:/Users/01957/OneDrive/Documents/NetBeansProjects/player_bidding/src/TeamOwner_folder/TEAM_VIEW.java</file>
            <file>file:/C:/Users/01957/OneDrive/Documents/NetBeansProjects/player_bidding/src/Bidding_folder/UNSOLDED_PLAYER.java</file>
            <file>file:/C:/Users/01957/OneDrive/Documents/NetBeansProjects/player_bidding/src/Bidding_folder/Users.java</file>
            <file>file:/C:/Users/01957/OneDrive/Documents/NetBeansProjects/player_bidding/src/player_bidding/login/loginForm.java</file>
            <file>file:/C:/Users/01957/OneDrive/Documents/NetBeansProjects/player_bidding/src/TeamOwner_folder/SL_VIEWS.java</file>
            <file>file:/C:/Users/01957/OneDrive/Documents/NetBeansProjects/player_bidding/src/TeamOwner_folder/Rules_For_Bidding_SELECTOR.java</file>
            <file>file:/C:/Users/01957/OneDrive/Documents/NetBeansProjects/player_bidding/src/Home_folder/SELECTOR_REGISTRATION_HOME.java</file>
            <file>file:/C:/Users/01957/OneDrive/Documents/NetBeansProjects/player_bidding/src/player_bidding/registration/Connection.java</file>
            <file>file:/C:/Users/01957/OneDrive/Documents/NetBeansProjects/player_bidding/src/TeamOwner_folder/TEAMVIEW.java</file>
            <file>file:/C:/Users/01957/OneDrive/Documents/NetBeansProjects/player_bidding/src/TeamOwner_folder/PLAYER_UNSODED_SELECTOR.java</file>
            <file>file:/C:/Users/01957/OneDrive/Documents/NetBeansProjects/player_bidding/src/TeamOwner_folder/SOLDED_PLAYER_S.java</file>
            <file>file:/C:/Users/01957/OneDrive/Documents/NetBeansProjects/player_bidding/src/coach_folder/COACH.java</file>
            <file>file:/C:/Users/01957/OneDrive/Documents/NetBeansProjects/player_bidding/src/TeamOwner_folder/PICTURE.java</file>
            <file>file:/C:/Users/01957/OneDrive/Documents/NetBeansProjects/player_bidding/src/Home_folder/Last_Player_Registration_HOME.java</file>
            <file>file:/C:/Users/01957/OneDrive/Documents/NetBeansProjects/player_bidding/src/Home_folder/SOLDED_PLAYER_HOME.java</file>
            <file>file:/C:/Users/01957/OneDrive/Documents/NetBeansProjects/player_bidding/src/player_bidding/registration/PL_VIEWS.java</file>
            <file>file:/C:/Users/01957/OneDrive/Documents/NetBeansProjects/player_bidding/src/coach_folder/CH_VIEWS.java</file>
            <file>file:/C:/Users/01957/OneDrive/Documents/NetBeansProjects/player_bidding/src/player_bidding/registration/Last_Player_Registration.java</file>
            <file>file:/C:/Users/01957/OneDrive/Documents/NetBeansProjects/player_bidding/src/Home_folder/TEAMVIEW_HOME.java</file>
            <file>file:/C:/Users/01957/OneDrive/Documents/NetBeansProjects/player_bidding/src/Bidding_folder/REMAINIST.java</file>
            <file>file:/C:/Users/01957/OneDrive/Documents/NetBeansProjects/player_bidding/src/player_bidding/registration/PROFILE_VIEW.java</file>
            <file>file:/C:/Users/01957/OneDrive/Documents/NetBeansProjects/player_bidding/src/Bidding_folder/Player_Bidding.java</file>
            <file>file:/C:/Users/01957/OneDrive/Documents/NetBeansProjects/player_bidding/src/coach_folder/LAST_CH_VIEWS.java</file>
            <file>file:/C:/Users/01957/OneDrive/Documents/NetBeansProjects/player_bidding/src/Home_folder/TEAM_VIEW_HOME.java</file>
            <file>file:/C:/Users/01957/OneDrive/Documents/NetBeansProjects/player_bidding/src/Home_folder/SL_VIEWS_ADMIN.java</file>
            <file>file:/C:/Users/01957/OneDrive/Documents/NetBeansProjects/player_bidding/src/Bidding_folder/SOLDED_PLAYER.java</file>
            <file>file:/C:/Users/01957/OneDrive/Documents/NetBeansProjects/player_bidding/src/Bidding_folder/SOLDED.java</file>
            <file>file:/C:/Users/01957/OneDrive/Documents/NetBeansProjects/player_bidding/src/Bidding_folder/exitteamchecking.java</file>
            <file>file:/C:/Users/01957/OneDrive/Documents/NetBeansProjects/player_bidding/src/player_bidding/registration/SelectorForm.java</file>
            <file>file:/C:/Users/01957/OneDrive/Documents/NetBeansProjects/player_bidding/src/TeamOwner_folder/SELECTOR_REGISTRATION.java</file>
            <file>file:/C:/Users/01957/OneDrive/Documents/NetBeansProjects/player_bidding/src/player_bidding/registration/Player_Registration.java</file>
            <file>file:/C:/Users/01957/OneDrive/Documents/NetBeansProjects/player_bidding/src/player_bidding/registration/LAST_PL_VIEWS.java</file>
            <file>file:/C:/Users/01957/OneDrive/Documents/NetBeansProjects/player_bidding/src/Bidding_folder/PICTURE2.java</file>
        </group>
    </open-files>
</project-private>
